ip,session_id,time
112.237.21.102,466D82CCEB72A6D5BAD4159393FFE66A.node1,1416511260000
112.237.21.102,466D82CCEB72A6D5BAD4159393FFE66A.node1,1416511260000
182.87.194.184,8DEA0224AD13F81F96BBDB20687854F0.node1,1416511260000
158.255.208.143,DCFD568E5BA898154424F3426A6A1CD4.node,1416511260000
112.237.21.102,466D82CCEB72A6D5BAD4159393FFE66A.node1,1416511260000
120.215.15.220,B43BE85B6C09C4BC62065CCF50EC3BF8.node1,1416511260000
120.215.15.220,B43BE85B6C09C4BC62065CCF50EC3BF8.node1,1416511260000
120.215.15.220,B43BE85B6C09C4BC62065CCF50EC3BF8.node1,1416511260000
112.237.21.102,466D82CCEB72A6D5BAD4159393FFE66A.node1,1416511260000
221.200.201.30,-,1416511260000
158.255.208.143,51E3211E69A3389464B7EA0918D20968.node,1416511260000
112.237.21.102,466D82CCEB72A6D5BAD4159393FFE66A.node1,1416511260000
120.215.15.220,B43BE85B6C09C4BC62065CCF50EC3BF8.node1,1416511260000
120.215.15.220,B43BE85B6C09C4BC62065CCF50EC3BF8.node1,1416511260000
120.215.15.220,B43BE85B6C09C4BC62065CCF50EC3BF8.node1,1416511260000
120.215.15.220,B43BE85B6C09C4BC62065CCF50EC3BF8.node1,1416511260000
112.237.21.102,466D82CCEB72A6D5BAD4159393FFE66A.node1,1416511260000
120.215.15.220,B43BE85B6C09C4BC62065CCF50EC3BF8.node1,1416511260000
120.85.184.89,336699A44D5A47F8C88AEDC5FEBE4C9F.node1,1416511260000
61.134.100.174,-,1416511260000
120.215.15.220,B43BE85B6C09C4BC62065CCF50EC3BF8.node1,1416511260000
120.215.15.220,B43BE85B6C09C4BC62065CCF50EC3BF8.node1,1416511260000
112.237.21.102,466D82CCEB72A6D5BAD4159393FFE66A.node1,1416511260000
202.151.35.62,520D7F1EA3B584A65ED36A9F04107003.node,1416511260000
158.255.208.143,DCFD568E5BA898154424F3426A6A1CD4.node,1416511260000
112.237.21.102,466D82CCEB72A6D5BAD4159393FFE66A.node1,1416511260000
120.215.15.220,B43BE85B6C09C4BC62065CCF50EC3BF8.node1,1416511260000
120.215.15.220,B43BE85B6C09C4BC62065CCF50EC3BF8.node1,1416511260000
36.224.207.67,684D2ADB1875032E9FF4A11D5BA9D720.node,1416511260000
120.215.15.220,B43BE85B6C09C4BC62065CCF50EC3BF8.node1,1416511260000
59.188.93.35,-,1416511260000
36.224.207.67,684D2ADB1875032E9FF4A11D5BA9D720.node,1416511260000
120.215.15.220,B43BE85B6C09C4BC62065CCF50EC3BF8.node1,1416511260000
120.215.15.220,B43BE85B6C09C4BC62065CCF50EC3BF8.node1,1416511260000
111.85.243.100,-,1416511260000
112.237.21.102,466D82CCEB72A6D5BAD4159393FFE66A.node1,1416511260000
112.237.21.102,466D82CCEB72A6D5BAD4159393FFE66A.node1,1416511260000
221.200.201.30,3F721D94D9606FEC671EBA2E5DFA8C61.node1,1416511260000
112.237.21.102,466D82CCEB72A6D5BAD4159393FFE66A.node1,1416511260000
61.134.100.174,DCA6807E11E78F0D1874F0C56FD06620.node1,1416511260000
61.134.100.174,DCA6807E11E78F0D1874F0C56FD06620.node1,1416511260000
222.216.204.19,83543F817A3968C96D74E2A239533DEE.node,1416511260000
175.21.43.199,909A18C20BB377FF31E7D811015835B4.node1,1416511260000
221.200.201.30,3F721D94D9606FEC671EBA2E5DFA8C61.node1,1416511260000
112.237.21.102,466D82CCEB72A6D5BAD4159393FFE66A.node1,1416511260000
221.200.201.30,3F721D94D9606FEC671EBA2E5DFA8C61.node1,1416511260000
61.187.145.88,-,1416511260000
111.85.243.100,BCD0E74A6692473C7A796CF549326688.node1,1416511260000
221.200.201.30,3F721D94D9606FEC671EBA2E5DFA8C61.node1,1416511260000
182.87.194.184,8DEA0224AD13F81F96BBDB20687854F0.node1,1416511260000
218.32.4.12,-,1416511260000
158.255.208.143,DCFD568E5BA898154424F3426A6A1CD4.node,1416511260000
112.237.21.102,466D82CCEB72A6D5BAD4159393FFE66A.node1,1416511260000
175.21.43.199,909A18C20BB377FF31E7D811015835B4.node1,1416511260000
112.237.21.102,466D82CCEB72A6D5BAD4159393FFE66A.node1,1416511260000
60.14.222.93,67F7FCB3A28CB5A5FC7EE6C4BCDDC865.node1,1416511260000
36.48.106.205,F52FE5ABFD34DC19EEFDAEFBFCAD7413.node1,1416511260000
158.255.208.143,51E3211E69A3389464B7EA0918D20968.node,1416511260000
60.14.222.93,67F7FCB3A28CB5A5FC7EE6C4BCDDC865.node1,1416511260000
158.255.208.143,51E3211E69A3389464B7EA0918D20968.node,1416511260000
118.122.117.29,-,1416511260000
36.48.106.205,F52FE5ABFD34DC19EEFDAEFBFCAD7413.node1,1416511261000
36.48.106.205,F52FE5ABFD34DC19EEFDAEFBFCAD7413.node1,1416511261000
36.48.106.205,F52FE5ABFD34DC19EEFDAEFBFCAD7413.node1,1416511261000
118.112.154.57,-,1416511261000
36.224.207.67,684D2ADB1875032E9FF4A11D5BA9D720.node,1416511261000
118.122.117.29,-,1416511261000
60.223.238.12,3BBA194C089AF37E332787EB25E881BD-n1,1416511261000
60.223.238.12,3BBA194C089AF37E332787EB25E881BD-n1,1416511261000
61.134.100.174,DCA6807E11E78F0D1874F0C56FD06620.node1,1416511261000
112.237.21.102,466D82CCEB72A6D5BAD4159393FFE66A.node1,1416511261000
158.255.208.143,DCFD568E5BA898154424F3426A6A1CD4.node,1416511261000
111.85.243.100,BCD0E74A6692473C7A796CF549326688.node1,1416511261000
60.14.222.93,67F7FCB3A28CB5A5FC7EE6C4BCDDC865.node1,1416511261000
111.85.243.100,BCD0E74A6692473C7A796CF549326688.node1,1416511261000
111.85.243.100,BCD0E74A6692473C7A796CF549326688.node1,1416511261000
222.216.204.19,83543F817A3968C96D74E2A239533DEE.node,1416511261000
118.122.117.29,-,1416511261000
58.42.231.121,-,1416511261000
111.85.243.100,BCD0E74A6692473C7A796CF549326688.node1,1416511261000
111.85.243.100,BCD0E74A6692473C7A796CF549326688.node1,1416511261000
116.1.249.153,-,1416511261000
175.21.43.199,909A18C20BB377FF31E7D811015835B4.node1,1416511261000
106.4.1.85,-,1416511261000
60.14.222.93,67F7FCB3A28CB5A5FC7EE6C4BCDDC865.node1,1416511261000
58.42.231.121,-,1416511261000
175.21.43.199,909A18C20BB377FF31E7D811015835B4.node1,1416511261000
221.200.201.30,3F721D94D9606FEC671EBA2E5DFA8C61.node1,1416511261000
221.200.201.30,3F721D94D9606FEC671EBA2E5DFA8C61.node1,1416511261000
221.200.201.30,3F721D94D9606FEC671EBA2E5DFA8C61.node1,1416511261000
221.200.201.30,3F721D94D9606FEC671EBA2E5DFA8C61.node1,1416511261000
36.224.207.67,684D2ADB1875032E9FF4A11D5BA9D720.node,1416511261000
36.48.106.205,F52FE5ABFD34DC19EEFDAEFBFCAD7413.node1,1416511261000
36.48.106.205,F52FE5ABFD34DC19EEFDAEFBFCAD7413.node1,1416511261000
36.48.106.205,F52FE5ABFD34DC19EEFDAEFBFCAD7413.node1,1416511261000
36.48.106.205,F52FE5ABFD34DC19EEFDAEFBFCAD7413.node1,1416511261000
36.48.106.205,F52FE5ABFD34DC19EEFDAEFBFCAD7413.node1,1416511261000
60.14.222.93,67F7FCB3A28CB5A5FC7EE6C4BCDDC865.node1,1416511261000
221.200.201.30,3F721D94D9606FEC671EBA2E5DFA8C61.node1,1416511261000
171.93.96.185,-,1416511261000
158.255.208.143,51E3211E69A3389464B7EA0918D20968.node,1416511261000
221.200.201.30,3F721D94D9606FEC671EBA2E5DFA8C61.node1,1416511261000
221.200.201.30,3F721D94D9606FEC671EBA2E5DFA8C61.node1,1416511261000
111.85.243.100,BCD0E74A6692473C7A796CF549326688.node1,1416511261000
36.48.106.205,F52FE5ABFD34DC19EEFDAEFBFCAD7413.node1,1416511261000
111.85.243.100,BCD0E74A6692473C7A796CF549326688.node1,1416511261000
221.200.201.30,3F721D94D9606FEC671EBA2E5DFA8C61.node1,1416511261000
59.188.93.35,-,1416511261000
36.224.207.67,684D2ADB1875032E9FF4A11D5BA9D720.node,1416511261000
221.200.201.30,3F721D94D9606FEC671EBA2E5DFA8C61.node1,1416511261000
111.85.243.100,BCD0E74A6692473C7A796CF549326688.node1,1416511261000
36.48.106.205,F52FE5ABFD34DC19EEFDAEFBFCAD7413.node1,1416511261000
221.200.201.30,3F721D94D9606FEC671EBA2E5DFA8C61.node1,1416511261000
111.85.243.100,BCD0E74A6692473C7A796CF549326688.node1,1416511261000
60.14.222.93,67F7FCB3A28CB5A5FC7EE6C4BCDDC865.node1,1416511261000
221.200.201.30,3F721D94D9606FEC671EBA2E5DFA8C61.node1,1416511261000
221.200.201.30,3F721D94D9606FEC671EBA2E5DFA8C61.node1,1416511261000
222.216.204.19,83543F817A3968C96D74E2A239533DEE.node,1416511261000
221.200.201.30,3F721D94D9606FEC671EBA2E5DFA8C61.node1,1416511261000
221.200.201.30,3F721D94D9606FEC671EBA2E5DFA8C61.node1,1416511261000
221.200.201.30,3F721D94D9606FEC671EBA2E5DFA8C61.node1,1416511261000
221.200.201.30,3F721D94D9606FEC671EBA2E5DFA8C61.node1,1416511261000
222.216.204.19,83543F817A3968C96D74E2A239533DEE.node,1416511261000
111.85.243.100,BCD0E74A6692473C7A796CF549326688.node1,1416511261000
221.200.201.30,3F721D94D9606FEC671EBA2E5DFA8C61.node1,1416511261000
60.223.238.12,3BBA194C089AF37E332787EB25E881BD-n1,1416511261000
110.230.195.183,-,1416511261000
220.202.100.11,-,1416511261000
158.255.208.143,DCFD568E5BA898154424F3426A6A1CD4.node,1416511261000
60.14.222.93,67F7FCB3A28CB5A5FC7EE6C4BCDDC865.node1,1416511261000
58.22.70.12,51169F283AE34160D36973203CB7131D,1416511261000
36.48.106.205,F52FE5ABFD34DC19EEFDAEFBFCAD7413.node1,1416511261000
36.48.106.205,F52FE5ABFD34DC19EEFDAEFBFCAD7413.node1,1416511261000
36.48.106.205,F52FE5ABFD34DC19EEFDAEFBFCAD7413.node1,1416511261000
36.48.106.205,F52FE5ABFD34DC19EEFDAEFBFCAD7413.node1,1416511261000
36.48.106.205,F52FE5ABFD34DC19EEFDAEFBFCAD7413.node1,1416511261000
114.113.198.254,-,1416511261000
60.14.222.93,67F7FCB3A28CB5A5FC7EE6C4BCDDC865.node1,1416511261000
120.85.184.89,336699A44D5A47F8C88AEDC5FEBE4C9F.node1,1416511261000
58.42.231.121,-,1416511261000
59.188.93.35,-,1416511261000
111.85.243.100,BCD0E74A6692473C7A796CF549326688.node1,1416511261000
221.200.201.30,3F721D94D9606FEC671EBA2E5DFA8C61.node1,1416511261000
36.224.207.67,684D2ADB1875032E9FF4A11D5BA9D720.node,1416511261000
222.216.204.19,83543F817A3968C96D74E2A239533DEE.node,1416511261000
211.144.145.1,4DB131A516211D29B479743C95061897.node1,1416511261000
60.14.222.93,67F7FCB3A28CB5A5FC7EE6C4BCDDC865.node1,1416511261000
221.200.201.30,3F721D94D9606FEC671EBA2E5DFA8C61.node1,1416511261000
106.4.1.85,-,1416511261000
221.200.201.30,3F721D94D9606FEC671EBA2E5DFA8C61.node1,1416511261000
222.216.204.19,83543F817A3968C96D74E2A239533DEE.node,1416511261000
158.255.208.143,51E3211E69A3389464B7EA0918D20968.node,1416511261000
58.22.70.12,51169F283AE34160D36973203CB7131D,1416511261000
221.200.201.30,3F721D94D9606FEC671EBA2E5DFA8C61.node1,1416511261000
112.5.248.42,-,1416511261000
221.200.201.30,3F721D94D9606FEC671EBA2E5DFA8C61.node1,1416511261000
120.85.184.89,336699A44D5A47F8C88AEDC5FEBE4C9F.node1,1416511261000
58.22.70.12,51169F283AE34160D36973203CB7131D,1416511261000
120.85.184.89,336699A44D5A47F8C88AEDC5FEBE4C9F.node1,1416511261000
120.85.184.89,336699A44D5A47F8C88AEDC5FEBE4C9F.node1,1416511261000
218.17.246.189,-,1416511262000
120.85.184.89,336699A44D5A47F8C88AEDC5FEBE4C9F.node1,1416511262000
58.22.70.12,51169F283AE34160D36973203CB7131D,1416511262000
59.188.93.35,-,1416511262000
111.85.243.100,BCD0E74A6692473C7A796CF549326688.node1,1416511262000
119.36.36.200,BB010F4919BCF9CA2E566FB1352D8CEC.node1,1416511262000
120.85.184.89,336699A44D5A47F8C88AEDC5FEBE4C9F.node1,1416511262000
119.36.36.200,BB010F4919BCF9CA2E566FB1352D8CEC.node1,1416511262000
49.213.17.13,C4154AB5BD4DDC7E9AE7DB3033F7624C.node,1416511262000
58.22.70.12,51169F283AE34160D36973203CB7131D,1416511262000
158.255.208.143,DCFD568E5BA898154424F3426A6A1CD4.node,1416511262000
120.85.184.89,336699A44D5A47F8C88AEDC5FEBE4C9F.node1,1416511262000
110.76.43.191,-,1416511262000
114.113.198.254,-,1416511262000
60.14.222.93,67F7FCB3A28CB5A5FC7EE6C4BCDDC865.node1,1416511262000
59.188.93.35,-,1416511262000
183.64.245.218,EB29C1B6254060741A3E940E1A8D639D.node1,1416511262000
58.60.39.217,-,1416511262000
183.158.66.212,BD6E2AE9665D0A015D7AB36B254B098A.node,1416511262000
36.32.24.52,163E215EAE82700E8C1BCC998CC7256F.node,1416511262000
60.223.238.12,3BBA194C089AF37E332787EB25E881BD-n1,1416511262000
60.223.238.12,3BBA194C089AF37E332787EB25E881BD-n1,1416511262000
183.64.245.218,EB29C1B6254060741A3E940E1A8D639D.node1,1416511262000
60.223.238.12,3BBA194C089AF37E332787EB25E881BD-n1,1416511262000
211.151.81.100,43F5E077F0CFE09E420C20AB9829D203,1416511262000
58.22.70.12,51169F283AE34160D36973203CB7131D,1416511262000
183.158.66.212,BD6E2AE9665D0A015D7AB36B254B098A.node,1416511262000
183.158.66.212,BD6E2AE9665D0A015D7AB36B254B098A.node,1416511262000
183.158.66.212,BD6E2AE9665D0A015D7AB36B254B098A.node,1416511262000
183.158.66.212,BD6E2AE9665D0A015D7AB36B254B098A.node,1416511262000
183.67.101.55,EB29C1B6254060741A3E940E1A8D639D.node1,1416511262000
36.224.207.67,684D2ADB1875032E9FF4A11D5BA9D720.node,1416511262000
59.188.93.35,-,1416511262000
183.67.101.55,EB29C1B6254060741A3E940E1A8D639D.node1,1416511262000
113.68.246.223,54CD37B0E5B5D497E0DDAEF5447ACA43.node1,1416511262000
49.213.17.13,C4154AB5BD4DDC7E9AE7DB3033F7624C.node,1416511262000
183.158.66.212,BD6E2AE9665D0A015D7AB36B254B098A.node,1416511262000
119.4.252.84,4EE8551FD304C20D71B7B7554CBCA655,1416511262000
158.255.208.143,DCFD568E5BA898154424F3426A6A1CD4.node,1416511262000
111.85.243.100,BCD0E74A6692473C7A796CF549326688.node1,1416511262000
